{
  "tier1": {
    "accuracy": 0.93
  },
  "tier2": {
    "accuracy": 0.6571428571428571
  },
  "tier3_bellini": {
    "strict": {
      "micro": {
        "precision": 0.45778611632270166,
        "recall": 0.5158562367864693,
        "f1": 0.4850894632206759
      },
      "macro": {
        "precision": 0.48664760490115044,
        "recall": 0.5704635601250904,
        "f1": 0.5189437490116415
      }
    },
    "fuzzy": {
      "micro": {
        "precision": 0.701688555347092,
        "recall": 0.7906976744186046,
        "f1": 0.7435387673956263
      },
      "macro": {
        "precision": 0.7015271972030223,
        "recall": 0.785850373109657,
        "f1": 0.7299757981250418
      }
    }
  },
  "tier3_classense": {
    "strict": {
      "micro": {
        "precision": 0.7341772151898734,
        "recall": 0.6884272997032641,
        "f1": 0.7105666156202144
      },
      "macro": {
        "precision": 0.7314086680075544,
        "recall": 0.6912158768581298,
        "f1": 0.7077717083456282
      }
    },
    "fuzzy": {
      "micro": {
        "precision": 0.7927215189873418,
        "recall": 0.7433234421364985,
        "f1": 0.7672281776416539
      },
      "macro": {
        "precision": 0.7916321514725899,
        "recall": 0.746957482627778,
        "f1": 0.7655001865927785
      }
    }
  },
  "tier4": {
    "accuracy": 0.8858447488584474
  },
  "tier5_auth": {
    "accuracy": 0.75
  },
  "tier5_rank": {
    "mean_spearman_rho": 0.638
  }
}