{
  "tier1": {
    "accuracy": 0.9
  },
  "tier2_deprel": {
    "accuracy": 0.4714285714285714
  },
  "tier2_head": {
    "accuracy": 0.5230769230769231
  },
  "tier3_bellini": {
    "strict": {
      "micro": {
        "precision": 0.445859872611465,
        "recall": 0.32710280373831774,
        "f1": 0.37735849056603776
      },
      "macro": {
        "precision": 0.4513585858585858,
        "recall": 0.3871306205317344,
        "f1": 0.40006921300103715
      }
    },
    "fuzzy": {
      "micro": {
        "precision": 0.6719745222929936,
        "recall": 0.4929906542056075,
        "f1": 0.568733153638814
      },
      "macro": {
        "precision": 0.6241796583046583,
        "recall": 0.5113569886556663,
        "f1": 0.5426091767515149
      }
    }
  },
  "tier3_classense": {
    "strict": {
      "micro": {
        "precision": 0.6204724409448819,
        "recall": 0.6052227342549923,
        "f1": 0.6127527216174183
      },
      "macro": {
        "precision": 0.6299702030146072,
        "recall": 0.5989234135728366,
        "f1": 0.6056039433479442
      }
    },
    "fuzzy": {
      "micro": {
        "precision": 0.6677165354330709,
        "recall": 0.6513056835637481,
        "f1": 0.6594090202177295
      },
      "macro": {
        "precision": 0.6760855372158311,
        "recall": 0.647334203646101,
        "f1": 0.6524405470375702
      }
    }
  },
  "tier4": {
    "accuracy": 0.8447488584474886
  },
  "tier5_auth": {
    "accuracy": 0.31
  },
  "tier5_rank": {
    "mean_spearman_rho": 0.362
  }
}