{
  "tier1": {
    "accuracy": 0.9
  },
  "tier2": {
    "accuracy": 0.4714285714285714
  },
  "tier3_bellini": {
    "strict": {
      "micro": {
        "precision": 0.45222929936305734,
        "recall": 0.3256880733944954,
        "f1": 0.37866666666666665
      },
      "macro": {
        "precision": 0.4846919191919191,
        "recall": 0.4093528427539566,
        "f1": 0.4267358796677038
      }
    },
    "fuzzy": {
      "micro": {
        "precision": 0.6815286624203821,
        "recall": 0.4908256880733945,
        "f1": 0.5706666666666667
      },
      "macro": {
        "precision": 0.6908463249713249,
        "recall": 0.5502458775445551,
        "f1": 0.5914980656404036
      }
    }
  },
  "tier3_classense": {
    "strict": {
      "micro": {
        "precision": 0.6204724409448819,
        "recall": 0.6052227342549923,
        "f1": 0.6127527216174183
      },
      "macro": {
        "precision": 0.6299702030146072,
        "recall": 0.5989234135728366,
        "f1": 0.6056039433479442
      }
    },
    "fuzzy": {
      "micro": {
        "precision": 0.6677165354330709,
        "recall": 0.6513056835637481,
        "f1": 0.6594090202177295
      },
      "macro": {
        "precision": 0.6760855372158311,
        "recall": 0.647334203646101,
        "f1": 0.6524405470375702
      }
    }
  },
  "tier4": {
    "accuracy": 0.8447488584474886
  },
  "tier5_auth": {
    "accuracy": 0.31
  },
  "tier5_rank": {
    "mean_spearman_rho": 0.362
  }
}