{
  "tier1": {
    "accuracy": 0.65
  },
  "tier2_deprel": {
    "accuracy": 0.37142857142857144
  },
  "tier2_head": {
    "accuracy": 0.3076923076923077
  },
  "tier3_bellini": {
    "strict": {
      "micro": {
        "precision": 0.376271186440678,
        "recall": 0.30494505494505497,
        "f1": 0.3368740515933232
      },
      "macro": {
        "precision": 0.37090830409177433,
        "recall": 0.3862496621212801,
        "f1": 0.35010926492885586
      }
    },
    "fuzzy": {
      "micro": {
        "precision": 0.5423728813559322,
        "recall": 0.43956043956043955,
        "f1": 0.48558421851289835
      },
      "macro": {
        "precision": 0.5222068112112532,
        "recall": 0.5091483319144174,
        "f1": 0.48189201568518025
      }
    }
  },
  "tier3_classense": {
    "strict": {
      "micro": {
        "precision": 0.4539781591263651,
        "recall": 0.44976816074188564,
        "f1": 0.4518633540372671
      },
      "macro": {
        "precision": 0.47083362055917477,
        "recall": 0.46388846348698914,
        "f1": 0.4592654918073356
      }
    },
    "fuzzy": {
      "micro": {
        "precision": 0.5553822152886115,
        "recall": 0.5502318392581144,
        "f1": 0.5527950310559007
      },
      "macro": {
        "precision": 0.5722139503464669,
        "recall": 0.5641383041113769,
        "f1": 0.5578737485432715
      }
    }
  },
  "tier4": {
    "accuracy": 0.5388127853881278
  },
  "tier5_auth": {
    "accuracy": 0.23
  },
  "tier5_rank": {
    "mean_spearman_rho": 0.064
  }
}