{
  "tier1": {
    "accuracy": 0.875
  },
  "tier2": {
    "accuracy": 0.5285714285714286
  },
  "tier3_bellini": {
    "strict": {
      "micro": {
        "precision": 0.4216589861751152,
        "recall": 0.386892177589852,
        "f1": 0.4035281146637266
      },
      "macro": {
        "precision": 0.46116600583118333,
        "recall": 0.4528467905167327,
        "f1": 0.44955130142977456
      }
    },
    "fuzzy": {
      "micro": {
        "precision": 0.6336405529953917,
        "recall": 0.5813953488372093,
        "f1": 0.6063947078280045
      },
      "macro": {
        "precision": 0.6558609410319765,
        "recall": 0.6264414498044161,
        "f1": 0.6283645697005127
      }
    }
  },
  "tier3_classense": {
    "strict": {
      "micro": {
        "precision": 0.644927536231884,
        "recall": 0.6602373887240356,
        "f1": 0.6524926686217009
      },
      "macro": {
        "precision": 0.6505009646447213,
        "recall": 0.6629150155082908,
        "f1": 0.6524570931352914
      }
    },
    "fuzzy": {
      "micro": {
        "precision": 0.7,
        "recall": 0.7166172106824926,
        "f1": 0.7082111436950147
      },
      "macro": {
        "precision": 0.7112239202567189,
        "recall": 0.7216977076305844,
        "f1": 0.7117351103522467
      }
    }
  },
  "tier4": {
    "accuracy": 0.8767123287671232
  },
  "tier5_auth": {
    "accuracy": 0.51
  },
  "tier5_rank": {
    "mean_spearman_rho": 0.448
  }
}