{
  "tier1": {
    "accuracy": 0.875
  },
  "tier2_deprel": {
    "accuracy": 0.5285714285714286
  },
  "tier2_head": {
    "accuracy": 0.6615384615384615
  },
  "tier3_bellini": {
    "strict": {
      "micro": {
        "precision": 0.41935483870967744,
        "recall": 0.3913978494623656,
        "f1": 0.4048943270300334
      },
      "macro": {
        "precision": 0.45335350583118333,
        "recall": 0.442430123850066,
        "f1": 0.4406227300012031
      }
    },
    "fuzzy": {
      "micro": {
        "precision": 0.6267281105990783,
        "recall": 0.5849462365591398,
        "f1": 0.6051167964404894
      },
      "macro": {
        "precision": 0.6089859410319766,
        "recall": 0.5899831164710827,
        "f1": 0.5896740935100366
      }
    }
  },
  "tier3_classense": {
    "strict": {
      "micro": {
        "precision": 0.644927536231884,
        "recall": 0.6602373887240356,
        "f1": 0.6524926686217009
      },
      "macro": {
        "precision": 0.6505009646447213,
        "recall": 0.6629150155082908,
        "f1": 0.6524570931352914
      }
    },
    "fuzzy": {
      "micro": {
        "precision": 0.7,
        "recall": 0.7166172106824926,
        "f1": 0.7082111436950147
      },
      "macro": {
        "precision": 0.7112239202567189,
        "recall": 0.7216977076305844,
        "f1": 0.7117351103522467
      }
    }
  },
  "tier4": {
    "accuracy": 0.8767123287671232
  },
  "tier5_auth": {
    "accuracy": 0.51
  },
  "tier5_rank": {
    "mean_spearman_rho": 0.448
  }
}