{
  "tier1": {
    "accuracy": 0.635
  },
  "tier2_deprel": {
    "accuracy": 0.4142857142857143
  },
  "tier2_head": {
    "accuracy": 0.24615384615384617
  },
  "tier3_bellini": {
    "strict": {
      "micro": {
        "precision": 0.36253776435045315,
        "recall": 0.273972602739726,
        "f1": 0.3120936280884265
      },
      "macro": {
        "precision": 0.34674121623340814,
        "recall": 0.33679157048675523,
        "f1": 0.31191167474701775
      }
    },
    "fuzzy": {
      "micro": {
        "precision": 0.5589123867069486,
        "recall": 0.4223744292237443,
        "f1": 0.48114434330299094
      },
      "macro": {
        "precision": 0.5181722355214098,
        "recall": 0.4724037131042897,
        "f1": 0.4589952023925312
      }
    }
  },
  "tier3_classense": {
    "strict": {
      "micro": {
        "precision": 0.5146443514644351,
        "recall": 0.44324324324324327,
        "f1": 0.4762826718296225
      },
      "macro": {
        "precision": 0.5205832436968285,
        "recall": 0.46836817431083205,
        "f1": 0.48555180141320237
      }
    },
    "fuzzy": {
      "micro": {
        "precision": 0.600418410041841,
        "recall": 0.5171171171171172,
        "f1": 0.5556631171345596
      },
      "macro": {
        "precision": 0.606932788164637,
        "recall": 0.5388707011216486,
        "f1": 0.5620233915334463
      }
    }
  },
  "tier4": {
    "accuracy": 0.5753424657534246
  },
  "tier5_auth": {
    "accuracy": 0.27
  },
  "tier5_rank": {
    "mean_spearman_rho": 0.17
  }
}