{
  "tier1": {
    "accuracy": 0.87
  },
  "tier2": {
    "accuracy": 0.5714285714285714
  },
  "tier3_bellini": {
    "strict": {
      "micro": {
        "precision": 0.42924528301886794,
        "recall": 0.38477801268498946,
        "f1": 0.40579710144927544
      },
      "macro": {
        "precision": 0.4566122388242681,
        "recall": 0.4529999996294984,
        "f1": 0.4463696328662136
      }
    },
    "fuzzy": {
      "micro": {
        "precision": 0.6462264150943396,
        "recall": 0.5792811839323467,
        "f1": 0.6109253065774806
      },
      "macro": {
        "precision": 0.6567380253625434,
        "recall": 0.6321171816931414,
        "f1": 0.6301750139164275
      }
    }
  },
  "tier3_classense": {
    "strict": {
      "micro": {
        "precision": 0.6097902097902098,
        "recall": 0.6468842729970327,
        "f1": 0.6277897768178545
      },
      "macro": {
        "precision": 0.6157577226938835,
        "recall": 0.6486247085503447,
        "f1": 0.6269974056053945
      }
    },
    "fuzzy": {
      "micro": {
        "precision": 0.66993006993007,
        "recall": 0.7106824925816023,
        "f1": 0.6897048236141109
      },
      "macro": {
        "precision": 0.6826217260458303,
        "recall": 0.7144860199639379,
        "f1": 0.6927814678641336
      }
    }
  },
  "tier4": {
    "accuracy": 0.8858447488584474
  },
  "tier5_auth": {
    "accuracy": 0.5
  },
  "tier5_rank": {
    "mean_spearman_rho": 0.538
  }
}