{
  "tier1": {
    "accuracy": 0.87
  },
  "tier2_deprel": {
    "accuracy": 0.5714285714285714
  },
  "tier2_head": {
    "accuracy": 0.6307692307692307
  },
  "tier3_bellini": {
    "strict": {
      "micro": {
        "precision": 0.4268867924528302,
        "recall": 0.38924731182795697,
        "f1": 0.40719910011248595
      },
      "macro": {
        "precision": 0.4503622388242681,
        "recall": 0.4425833329628317,
        "f1": 0.4385571328662136
      }
    },
    "fuzzy": {
      "micro": {
        "precision": 0.6391509433962265,
        "recall": 0.5827956989247312,
        "f1": 0.609673790776153
      },
      "macro": {
        "precision": 0.6129880253625434,
        "recall": 0.5956588483598081,
        "f1": 0.5937166805830941
      }
    }
  },
  "tier3_classense": {
    "strict": {
      "micro": {
        "precision": 0.6097902097902098,
        "recall": 0.6468842729970327,
        "f1": 0.6277897768178545
      },
      "macro": {
        "precision": 0.6157577226938835,
        "recall": 0.6486247085503447,
        "f1": 0.6269974056053945
      }
    },
    "fuzzy": {
      "micro": {
        "precision": 0.66993006993007,
        "recall": 0.7106824925816023,
        "f1": 0.6897048236141109
      },
      "macro": {
        "precision": 0.6826217260458303,
        "recall": 0.7144860199639379,
        "f1": 0.6927814678641336
      }
    }
  },
  "tier4": {
    "accuracy": 0.8858447488584474
  },
  "tier5_auth": {
    "accuracy": 0.5
  },
  "tier5_rank": {
    "mean_spearman_rho": 0.538
  }
}