{
  "tier1": {
    "accuracy": 0.885
  },
  "tier2_deprel": {
    "accuracy": 0.45714285714285713
  },
  "tier2_head": {
    "accuracy": 0.6
  },
  "tier3_bellini": {
    "strict": {
      "micro": {
        "precision": 0.4602649006622517,
        "recall": 0.3247663551401869,
        "f1": 0.38082191780821917
      },
      "macro": {
        "precision": 0.46138362490336177,
        "recall": 0.3887395243271706,
        "f1": 0.40262098126149354
      }
    },
    "fuzzy": {
      "micro": {
        "precision": 0.695364238410596,
        "recall": 0.49065420560747663,
        "f1": 0.5753424657534246
      },
      "macro": {
        "precision": 0.6342743927612349,
        "recall": 0.5135329924795197,
        "f1": 0.5454795515143313
      }
    }
  },
  "tier3_classense": {
    "strict": {
      "micro": {
        "precision": 0.6036789297658863,
        "recall": 0.5712025316455697,
        "f1": 0.5869918699186992
      },
      "macro": {
        "precision": 0.6102355956051515,
        "recall": 0.5793438568956691,
        "f1": 0.5882542697535833
      }
    },
    "fuzzy": {
      "micro": {
        "precision": 0.6588628762541806,
        "recall": 0.6234177215189873,
        "f1": 0.6406504065040651
      },
      "macro": {
        "precision": 0.6660914846649107,
        "recall": 0.6351123472549872,
        "f1": 0.6436361172324963
      }
    }
  },
  "tier4": {
    "accuracy": 0.8538812785388128
  },
  "tier5_auth": {
    "accuracy": 0.32
  },
  "tier5_rank": {
    "mean_spearman_rho": 0.446
  }
}