{
  "tier1": {
    "accuracy": 0.885
  },
  "tier2": {
    "accuracy": 0.45714285714285713
  },
  "tier3_bellini": {
    "strict": {
      "micro": {
        "precision": 0.46688741721854304,
        "recall": 0.32339449541284404,
        "f1": 0.3821138211382114
      },
      "macro": {
        "precision": 0.4947169582366951,
        "recall": 0.4109617465493928,
        "f1": 0.42928764792816027
      }
    },
    "fuzzy": {
      "micro": {
        "precision": 0.7052980132450332,
        "recall": 0.48853211009174313,
        "f1": 0.5772357723577236
      },
      "macro": {
        "precision": 0.7009410594279015,
        "recall": 0.5524218813684085,
        "f1": 0.5943684404032202
      }
    }
  },
  "tier3_classense": {
    "strict": {
      "micro": {
        "precision": 0.6036789297658863,
        "recall": 0.5712025316455697,
        "f1": 0.5869918699186992
      },
      "macro": {
        "precision": 0.6102355956051515,
        "recall": 0.5793438568956691,
        "f1": 0.5882542697535833
      }
    },
    "fuzzy": {
      "micro": {
        "precision": 0.6588628762541806,
        "recall": 0.6234177215189873,
        "f1": 0.6406504065040651
      },
      "macro": {
        "precision": 0.6660914846649107,
        "recall": 0.6351123472549872,
        "f1": 0.6436361172324963
      }
    }
  },
  "tier4": {
    "accuracy": 0.8538812785388128
  },
  "tier5_auth": {
    "accuracy": 0.32
  },
  "tier5_rank": {
    "mean_spearman_rho": 0.446
  }
}