{
  "tier1": {
    "accuracy": 0.885
  },
  "tier2": {
    "accuracy": 0.4714285714285714
  },
  "tier3_bellini": {
    "strict": {
      "micro": {
        "precision": 0.46381578947368424,
        "recall": 0.32339449541284404,
        "f1": 0.3810810810810811
      },
      "macro": {
        "precision": 0.4861394623894623,
        "recall": 0.409041653280363,
        "f1": 0.42671551000535113
      }
    },
    "fuzzy": {
      "micro": {
        "precision": 0.7105263157894737,
        "recall": 0.4954128440366973,
        "f1": 0.5837837837837838
      },
      "macro": {
        "precision": 0.6997498334998334,
        "recall": 0.5512392711690228,
        "f1": 0.5952050848254397
      }
    }
  },
  "tier3_classense": {
    "strict": {
      "micro": {
        "precision": 0.6433224755700325,
        "recall": 0.6067588325652842,
        "f1": 0.6245059288537549
      },
      "macro": {
        "precision": 0.6502775977291833,
        "recall": 0.6050240993674724,
        "f1": 0.6195786443376254
      }
    },
    "fuzzy": {
      "micro": {
        "precision": 0.6905537459283387,
        "recall": 0.6513056835637481,
        "f1": 0.6703557312252965
      },
      "macro": {
        "precision": 0.6969378984866758,
        "recall": 0.6526565011623483,
        "f1": 0.6664242298446856
      }
    }
  },
  "tier4": {
    "accuracy": 0.8447488584474886
  },
  "tier5_auth": {
    "accuracy": 0.31
  },
  "tier5_rank": {
    "mean_spearman_rho": 0.45
  }
}