{
  "tier1": {
    "accuracy": 0.885
  },
  "tier2_deprel": {
    "accuracy": 0.4714285714285714
  },
  "tier2_head": {
    "accuracy": 0.47692307692307695
  },
  "tier3_bellini": {
    "strict": {
      "micro": {
        "precision": 0.45723684210526316,
        "recall": 0.3247663551401869,
        "f1": 0.37978142076502736
      },
      "macro": {
        "precision": 0.452806129056129,
        "recall": 0.3868194310581408,
        "f1": 0.4000488433386844
      }
    },
    "fuzzy": {
      "micro": {
        "precision": 0.7006578947368421,
        "recall": 0.4976635514018692,
        "f1": 0.5819672131147542
      },
      "macro": {
        "precision": 0.6330831668331668,
        "recall": 0.512350382280134,
        "f1": 0.5463161959365508
      }
    }
  },
  "tier3_classense": {
    "strict": {
      "micro": {
        "precision": 0.6433224755700325,
        "recall": 0.6067588325652842,
        "f1": 0.6245059288537549
      },
      "macro": {
        "precision": 0.6502775977291833,
        "recall": 0.6050240993674724,
        "f1": 0.6195786443376254
      }
    },
    "fuzzy": {
      "micro": {
        "precision": 0.6905537459283387,
        "recall": 0.6513056835637481,
        "f1": 0.6703557312252965
      },
      "macro": {
        "precision": 0.6969378984866758,
        "recall": 0.6526565011623483,
        "f1": 0.6664242298446856
      }
    }
  },
  "tier4": {
    "accuracy": 0.8447488584474886
  },
  "tier5_auth": {
    "accuracy": 0.31
  },
  "tier5_rank": {
    "mean_spearman_rho": 0.45
  }
}