{
  "tier1": {
    "accuracy": 0.625
  },
  "tier2_deprel": {
    "accuracy": 0.37142857142857144
  },
  "tier2_head": {
    "accuracy": 0.36923076923076925
  },
  "tier3_bellini": {
    "strict": {
      "micro": {
        "precision": 0.3531073446327684,
        "recall": 0.29205607476635514,
        "f1": 0.319693094629156
      },
      "macro": {
        "precision": 0.3588386490163155,
        "recall": 0.37561005035027634,
        "f1": 0.3356421706698153
      }
    },
    "fuzzy": {
      "micro": {
        "precision": 0.5282485875706214,
        "recall": 0.4369158878504673,
        "f1": 0.4782608695652174
      },
      "macro": {
        "precision": 0.5243821537539617,
        "recall": 0.5076612047558302,
        "f1": 0.4763325380424031
      }
    }
  },
  "tier3_classense": {
    "strict": {
      "micro": {
        "precision": 0.46545454545454545,
        "recall": 0.4231404958677686,
        "f1": 0.4432900432900433
      },
      "macro": {
        "precision": 0.4928538862463612,
        "recall": 0.4418621040003424,
        "f1": 0.4565195534825898
      }
    },
    "fuzzy": {
      "micro": {
        "precision": 0.5509090909090909,
        "recall": 0.5008264462809917,
        "f1": 0.5246753246753247
      },
      "macro": {
        "precision": 0.5870993348233203,
        "recall": 0.5189261710604783,
        "f1": 0.538694591389548
      }
    }
  },
  "tier4": {
    "accuracy": 0.54337899543379
  },
  "tier5_auth": {
    "accuracy": 0.25
  },
  "tier5_rank": {
    "mean_spearman_rho": 0.116
  }
}