{
  "tier1": {
    "accuracy": 0.86
  },
  "tier2_deprel": {
    "accuracy": 0.5285714285714286
  },
  "tier2_head": {
    "accuracy": 0.6461538461538462
  },
  "tier3_bellini": {
    "strict": {
      "micro": {
        "precision": 0.42789598108747046,
        "recall": 0.38924731182795697,
        "f1": 0.4076576576576576
      },
      "macro": {
        "precision": 0.4650478191763059,
        "recall": 0.4469473490854018,
        "f1": 0.4495970158446677
      }
    },
    "fuzzy": {
      "micro": {
        "precision": 0.6643026004728132,
        "recall": 0.6043010752688172,
        "f1": 0.6328828828828829
      },
      "macro": {
        "precision": 0.6346207968856761,
        "recall": 0.6039709356394286,
        "f1": 0.6110870760509894
      }
    }
  },
  "tier3_classense": {
    "strict": {
      "micro": {
        "precision": 0.6257225433526011,
        "recall": 0.642433234421365,
        "f1": 0.6339677891654465
      },
      "macro": {
        "precision": 0.6385764983942452,
        "recall": 0.6464508489111332,
        "f1": 0.6381585091654154
      }
    },
    "fuzzy": {
      "micro": {
        "precision": 0.6763005780346821,
        "recall": 0.6943620178041543,
        "f1": 0.6852122986822841
      },
      "macro": {
        "precision": 0.6919296066738005,
        "recall": 0.6975798742577922,
        "f1": 0.6900618162320498
      }
    }
  },
  "tier4": {
    "accuracy": 0.8767123287671232
  },
  "tier5_auth": {
    "accuracy": 0.23076923076923078
  },
  "tier5_rank": {
    "mean_spearman_rho": 0.52
  }
}