{
  "tier1": {
    "accuracy": 0.86
  },
  "tier2": {
    "accuracy": 0.5285714285714286
  },
  "tier3_bellini": {
    "strict": {
      "micro": {
        "precision": 0.4302600472813239,
        "recall": 0.38477801268498946,
        "f1": 0.40625
      },
      "macro": {
        "precision": 0.47129781917630587,
        "recall": 0.4573640157520685,
        "f1": 0.4574095158446677
      }
    },
    "fuzzy": {
      "micro": {
        "precision": 0.6713947990543735,
        "recall": 0.6004228329809725,
        "f1": 0.6339285714285714
      },
      "macro": {
        "precision": 0.6783707968856761,
        "recall": 0.640429268972762,
        "f1": 0.6475454093843228
      }
    }
  },
  "tier3_classense": {
    "strict": {
      "micro": {
        "precision": 0.6257225433526011,
        "recall": 0.642433234421365,
        "f1": 0.6339677891654465
      },
      "macro": {
        "precision": 0.6385764983942452,
        "recall": 0.6464508489111332,
        "f1": 0.6381585091654154
      }
    },
    "fuzzy": {
      "micro": {
        "precision": 0.6763005780346821,
        "recall": 0.6943620178041543,
        "f1": 0.6852122986822841
      },
      "macro": {
        "precision": 0.6919296066738005,
        "recall": 0.6975798742577922,
        "f1": 0.6900618162320498
      }
    }
  },
  "tier4": {
    "accuracy": 0.8767123287671232
  },
  "tier5_auth": {
    "accuracy": 0.23076923076923078
  },
  "tier5_rank": {
    "mean_spearman_rho": 0.52
  }
}